{"cameraMode":{"drawMode":0,"name":"Shaded","section":"Shading Mode"},"sceneLighting":true,"audioPlay":false,"sceneViewState":{"m_AlwaysRefresh":false,"showFog":true,"showSkybox":false,"showFlares":true,"showImageEffects":true,"showParticleSystems":true,"showVisualEffectGraphs":true,"m_FxEnabled":true},"in2DMode":false,"pivot":{"x":-2.751166820526123,"y":-0.1275336742401123,"z":0.47501564025878909},"rotation":{"x":0.03292831778526306,"y":-0.06292475014925003,"z":0.0020868806168437006,"w":0.9974887371063232},"size":4.653907775878906,"orthographic":true}